speed,error,reliability,probability,gyro/ferry, abs_pos,rel_pos,abs_heading,rel_heading,displacement
*,*,<1,*,*,     2,0,1,0,0  # no reliable history
*,*,*,*,gyro,   0,2,1,1,1  # gyro input (no absolute positioning)
<10,*,*,*,*,    2,2,0,1,2  # non-gyro input with reliable history
<20,*,*,*,*,    2,2,1,2,2
*,*,*,*,*,      1,2,2,2,2

speed,error,reliability,probability,gyro/ferry, error_mode,min_error,max_error
*,*,*,*,ferry,  fixed,1000,1000
*,*,*,*,!gyro,  auto,10,500
*,*,*,*,*,      reported,1,1000
