speed,error,reliability,probability,gyro/ferry, abs_pos,rel_pos,abs_heading,rel_heading,displacement
*,*,<1,*,*,         2,0,1,0,0  # no reliable history
#*,*,*,*,gyro,      0,2,2,1,1  # gyro input (no absolute positioning)

# non-gyro input with reliable history
<35,*,*,*,at_turn,  1,2,0,0,6  # driving slow near a turn in the planned route
*,*,*,*,parallel,   6,1,2,1,2
<20,*,*,*,*,        3,0,2,0,2
<40,*,*,*,*,        3,1,2,1,2
*,*,*,*,*,          3,2,3,1,2

speed,error,reliability,probability,gyro/ferry, error_mode,min_error,max_error
*,*,*,*,ferry,   fixed,1000,1000
#*,*,*,*,!gyro,  auto,10,500
*,*,*,*,*,       reported,10,1000